episode,return,success,steps
1,-632.2947500000005,1,353
2,-2343.310249999999,0,1000
3,-2338.800999999998,0,1000
4,-2333.111625000006,0,1000
5,-2434.1366250000015,0,1000
6,-2484.0198749999963,0,1000
7,-2243.510249999999,0,1000
8,-2438.8931250000005,0,1000
9,-1839.4110000000046,1,829
10,-2062.668750000003,0,1000
11,-2303.863375000008,0,1000
