episode,return
1,-373.68000000000734
51,-1255.0599999999922
101,-1333.0799999999867
151,-1816.1599999999944
201,-2014.339999999988
251,-1903.8999999999787
301,-425.2000000000095
351,-391.96000000000964
401,-2523.1400000000076
451,-1490.960000000003
501,-1578.7999999999995
551,-629.9199999999969
601,-1417.3799999999917
651,-1210.319999999977
701,-1878.1000000000085
751,-1918.8999999999921
801,-375.0000000000097
851,-1003.5799999999862
901,-1077.6999999999816
951,-2074.3999999999824
