episode,return
1,-796.2299999999971
101,-1416.1999999999964
