episode,return
1,-1022.2500000000003
201,-1060.1500000000008
401,-744.0000000000027
601,-395.1
801,-123.35
1001,-207.94999999999993
1201,-23.250000000000007
1401,-24.300000000000004
