episode,return
1,-28.880000000000624
51,-2.349999999999956
101,4.119999999999999
151,2.680000000000001
201,4.33
251,4.33
301,-5.4499999999999975
351,4.609999999999999
401,4.41
451,4.4799999999999995
