episode,return
1,-22.640000000000384
51,-15.519999999999893
101,-13.27999999999985
151,-12.079999999999842
201,-10.95999999999984
251,-10.679999999999833
301,-10.679999999999833
351,-10.279999999999834
401,-10.319999999999835
451,-10.439999999999833
501,-10.19999999999983
551,-10.079999999999831
601,-10.11999999999983
651,-10.119999999999832
701,-10.119999999999832
751,-10.079999999999831
801,-10.119999999999832
851,-10.159999999999833
901,-10.11999999999983
951,-10.119999999999832
