episode,return
1,-29.520000000000522
51,-30.360000000000596
101,-33.6800000000004
151,-37.719999999999985
201,-42.83999999999975
251,-42.59999999999973
301,-46.19999999999951
351,-46.4399999999995
401,-47.11999999999946
451,-47.91999999999942
501,-47.71999999999943
