episode,return,success,steps
1,-3106.6016250000075,0,1000
2,-3431.1622500000076,0,1000
3,-2603.8326250000005,0,1000
4,-2715.0696250000096,0,1000
5,-3070.9013750000095,0,1000
6,-3271.1091250000027,0,1000
7,-3120.9875000000184,0,1000
8,-3296.4533750000073,0,1000
9,-2644.6598749999935,0,1000
10,-2995.609875000003,0,1000
11,-3186.9160000000143,0,1000
