episode,return
1,-34.04000000000042
51,-11.559999999999834
101,-11.559999999999834
151,-47.71999999999942
201,-47.71999999999942
251,-47.71999999999942
301,-47.71999999999942
351,-47.71999999999942
401,-47.71999999999942
451,-47.71999999999942
501,-47.71999999999942
