episode,return
1,-28.48000000000032
51,-12.27999999999984
101,-11.199999999999838
151,3.709999999999999
201,4.06
251,4.72
301,4.72
351,4.72
401,4.72
451,4.72
501,4.72
551,4.72
601,4.72
651,4.72
701,4.72
751,4.72
801,4.72
851,4.72
901,4.72
951,4.74
