episode,return
1,-2497.799999999993
51,-2497.799999999993
101,-2497.799999999993
