episode,return
1,-3583.1400000001345
51,-3583.1400000001345
101,-3583.1400000001345
151,-3583.1400000001345
201,-3583.1400000001345
251,-3583.1400000001345
301,-3583.1400000001345
351,-3583.1400000001345
401,-3583.1400000001345
451,-3583.1400000001345
