episode,return
1,-1748.35999999999
51,-1748.35999999999
101,-1748.35999999999
151,-1748.35999999999
201,-1748.35999999999
251,-1748.35999999999
301,-1748.35999999999
351,-1748.35999999999
401,-1748.35999999999
451,-1748.35999999999
501,-1748.35999999999
551,-1748.35999999999
601,-1748.35999999999
651,-1748.35999999999
701,-1748.35999999999
751,-1748.35999999999
801,-1748.35999999999
851,-1748.35999999999
901,-1748.35999999999
951,-1748.35999999999
