episode,return
1,-1093.9599999999948
51,-1093.9599999999948
