episode,return
1,-704.7038749999966
51,-506.3094999999949
101,13.754624999999947
151,19.429874999999896
201,65.64362500000001
251,14.325124999999929
301,65.30462500000002
351,50.03737499999999
401,65.60325
451,69.74087500000002
501,86.647125
551,50.10175
601,85.601125
651,76.18674999999999
701,99.63025
751,99.63025
801,92.269
851,92.269
901,92.269
951,103.96612499999999
1001,87.237375
