episode,return
1,-2329.0621250000017
51,-1427.8605
101,-1225.6398749999967
151,-1259.9298749999987
201,-1820.4338750000054
251,230.29137500000002
301,230.40137499999997
351,725.747125
401,742.4875
451,682.3836249999999
501,682.3836249999999
551,283.0295
601,603.34375
651,1086.35025
701,1086.35025
751,215.680375
801,593.034375
851,593.034375
901,593.034375
951,593.030625
1001,618.6985
