episode,return
1,-166.95525000000126
51,-166.95525000000126
101,-166.95525000000126
151,-166.95525000000126
201,-166.95525000000126
251,-166.95525000000126
301,-166.95525000000126
351,-166.95525000000126
401,-166.95525000000126
451,-166.95525000000126
501,-166.95525000000126
551,-166.95525000000126
601,-166.95525000000126
651,-166.95525000000126
701,-166.95525000000126
751,-166.95525000000126
801,-166.95525000000126
851,-166.95525000000126
901,-166.95525000000126
951,-166.95525000000126
