episode,return
1,-2323.779000000002
51,-1871.3125000000039
101,-1281.4018749999957
151,-1362.9221250000041
201,-1748.5288750000086
251,12.634499999999633
301,10.306999999999974
351,-14.70725000000003
401,-9.704000000000036
451,-9.705375000000032
501,385.5624999999999
551,365.4966249999999
601,90.42849999999997
651,345.35675000000003
701,345.35675000000003
751,345.36675
801,340.34325
851,440.34112500000003
901,415.280125
951,415.280125
