episode,return
1,-2329.842375000002
51,-1721.7482500000012
