episode,return
1,-513.2819999999995
51,-3517.5451250000046
101,585.89
151,-2900.517250000003
201,-2975.5915000000073
251,-2821.7429999999968
301,-3025.9317500000047
351,-3006.6004999999973
401,-2639.103250000005
451,-3331.9476250000052
501,-2604.594875000006
551,-2634.771999999999
601,-3202.1151250000153
651,-3256.369625000002
701,-118.45199999999943
751,-3652.9927499999985
801,-2860.5669999999977
851,-2669.7951250000046
901,-3161.264875000005
951,-2228.8924999999986
